Employee_ID,Name,Department,Job_Role,Skills
1000,Employee_1,Finance,Billing Specialist,"Invoicing, Revenue Management, Customer Billing"
1001,Employee_2,IT,DevOps Engineer,"Linux, Docker, Kubernetes"
1002,Employee_3,Finance,Financial Analyst,"Budget Forecasting, Financial Modeling, Excel"
1003,Employee_4,Customer Support,Call Center Agent,"Communication Skills, Customer Service, CRM"
1004,Employee_5,HR,Payroll Specialist,"Compensation & Benefits, Payroll Processing, Labor Laws"
1005,Employee_6,IT,Cybersecurity Specialist,"Penetration Testing, Linux, Firewalls"
1006,Employee_7,Sales,Sales Executive,"Cold Calling, CRM, Negotiation"
1007,Employee_8,Customer Support,Technical Support Engineer,"Telecom Systems, Troubleshooting, Networking"
1008,Employee_9,Customer Support,Call Center Agent,"Customer Service, CRM, Communication Skills"
1009,Employee_10,Finance,Financial Analyst,"Excel, Financial Modeling, Budget Forecasting"
1010,Employee_11,Sales,Sales Executive,"Cold Calling, CRM, Negotiation"
1011,Employee_12,IT,Software Engineer,"Python, SQL, Cloud Computing"
1012,Employee_13,Finance,Accountant,"Financial Reporting, Taxation, Auditing"
1013,Employee_14,Finance,Accountant,"Auditing, Taxation, Financial Reporting"
1014,Employee_15,Network Operations,RF Engineer,"RF Optimization, 5G Deployment, Antenna Design"
1015,Employee_16,IT,Cybersecurity Specialist,"Network Security, Penetration Testing, Linux"
1016,Employee_17,Sales,Business Development Manager,"Strategic Planning, Lead Generation, Sales Forecasting"
1017,Employee_18,Sales,Business Development Manager,"Sales Forecasting, Strategic Planning, Lead Generation"
1018,Employee_19,HR,Recruitment Specialist,"Interviewing, Hiring, Candidate Screening"
1019,Employee_20,Customer Support,Call Center Agent,"Communication Skills, CRM, Customer Service"
1020,Employee_21,IT,Software Engineer,"Java, SQL, Python"
1021,Employee_22,Network Operations,System Administrator,"Linux Administration, Windows Server, Virtualization"
1022,Employee_23,Finance,Accountant,"Auditing, Taxation, Financial Reporting"
1023,Employee_24,IT,Software Engineer,"Java, SQL, Cloud Computing"
1024,Employee_25,HR,Payroll Specialist,"Compensation & Benefits, Payroll Processing, Labor Laws"
1025,Employee_26,Network Operations,Network Engineer,"Cisco Routing, Network Protocols, 5G Networks"
1026,Employee_27,Network Operations,RF Engineer,"5G Deployment, Antenna Design, RF Optimization"
1027,Employee_28,Finance,Financial Analyst,"Financial Modeling, Budget Forecasting, Excel"
1028,Employee_29,HR,HR Manager,"Recruitment, HR Policies, Employee Relations"
1029,Employee_30,IT,Data Scientist,"Machine Learning, Big Data, SQL"
1030,Employee_31,IT,Cybersecurity Specialist,"Linux, Firewalls, Penetration Testing"
1031,Employee_32,IT,Cybersecurity Specialist,"Penetration Testing, Linux, Network Security"
1032,Employee_33,Customer Support,Customer Support Manager,"CRM, Leadership, Conflict Resolution"
1033,Employee_34,Customer Support,Call Center Agent,"Customer Service, CRM, Communication Skills"
1034,Employee_35,Sales,Key Account Manager,"Sales Strategy, Market Analysis, Client Relationship"
1035,Employee_36,Customer Support,Technical Support Engineer,"Networking, Telecom Systems, Troubleshooting"
1036,Employee_37,IT,DevOps Engineer,"Linux, Docker, Kubernetes"
1037,Employee_38,Finance,Accountant,"Taxation, Financial Reporting, Auditing"
1038,Employee_39,Network Operations,System Administrator,"Virtualization, Linux Administration, Windows Server"
1039,Employee_40,Marketing,SEO Specialist,"Content Marketing, Google Analytics, SEO"
1040,Employee_41,Network Operations,Network Engineer,"Cloud Networking, Network Protocols, Cisco Routing"
1041,Employee_42,IT,Data Scientist,"SQL, Big Data, Machine Learning"
1042,Employee_43,HR,Payroll Specialist,"Labor Laws, Payroll Processing, Compensation & Benefits"
1043,Employee_44,Sales,Sales Executive,"CRM, Cold Calling, Negotiation"
1044,Employee_45,Customer Support,Customer Support Manager,"Leadership, CRM, Conflict Resolution"
1045,Employee_46,Customer Support,Customer Support Manager,"CRM, Leadership, Conflict Resolution"
1046,Employee_47,Sales,Business Development Manager,"Strategic Planning, Sales Forecasting, Lead Generation"
1047,Employee_48,Finance,Financial Analyst,"Excel, Budget Forecasting, Financial Modeling"
1048,Employee_49,Finance,Billing Specialist,"Revenue Management, Invoicing, Customer Billing"
1049,Employee_50,Network Operations,Network Engineer,"5G Networks, Network Protocols, Cloud Networking"
1050,Employee_51,HR,Recruitment Specialist,"Interviewing, Candidate Screening, Hiring"
1051,Employee_52,Marketing,Digital Marketing Manager,"Email Marketing, PPC Advertising, Social Media Marketing"
1052,Employee_53,Network Operations,Telecom Technician,"Wireless Communication, Fiber Optics, Network Maintenance"
1053,Employee_54,IT,Software Engineer,"Java, Python, SQL"
1054,Employee_55,HR,Recruitment Specialist,"Interviewing, Hiring, Candidate Screening"
1055,Employee_56,Customer Support,Call Center Agent,"Customer Service, Communication Skills, CRM"
1056,Employee_57,IT,Data Scientist,"Python, Machine Learning, Big Data"
1057,Employee_58,Finance,Accountant,"Auditing, Financial Reporting, Taxation"
1058,Employee_59,Finance,Accountant,"Taxation, Financial Reporting, Auditing"
1059,Employee_60,Customer Support,Technical Support Engineer,"Troubleshooting, Telecom Systems, Networking"
1060,Employee_61,HR,Payroll Specialist,"Payroll Processing, Labor Laws, Compensation & Benefits"
1061,Employee_62,Network Operations,Telecom Technician,"Fiber Optics, Network Maintenance, Wireless Communication"
1062,Employee_63,HR,HR Manager,"HR Policies, Recruitment, Employee Relations"
1063,Employee_64,HR,Payroll Specialist,"Labor Laws, Payroll Processing, Compensation & Benefits"
1064,Employee_65,IT,Data Scientist,"Python, Big Data, Machine Learning"
1065,Employee_66,Finance,Billing Specialist,"Invoicing, Customer Billing, Revenue Management"
1066,Employee_67,IT,Data Scientist,"Machine Learning, SQL, Big Data"
1067,Employee_68,Customer Support,Customer Support Manager,"Leadership, CRM, Conflict Resolution"
1068,Employee_69,Marketing,Digital Marketing Manager,"Social Media Marketing, PPC Advertising, Email Marketing"
1069,Employee_70,Customer Support,Call Center Agent,"CRM, Customer Service, Communication Skills"
1070,Employee_71,Marketing,SEO Specialist,"Google Analytics, Content Marketing, SEO"
1071,Employee_72,Marketing,Brand Manager,"Advertising, Market Research, Brand Positioning"
1072,Employee_73,Network Operations,Telecom Technician,"Network Maintenance, Fiber Optics, Wireless Communication"
1073,Employee_74,Marketing,Brand Manager,"Brand Positioning, Advertising, Market Research"
1074,Employee_75,Sales,Sales Executive,"Negotiation, Cold Calling, CRM"
1075,Employee_76,Finance,Accountant,"Financial Reporting, Auditing, Taxation"
1076,Employee_77,Sales,Sales Executive,"Negotiation, Cold Calling, CRM"
1077,Employee_78,Marketing,Digital Marketing Manager,"Email Marketing, Social Media Marketing, PPC Advertising"
1078,Employee_79,Network Operations,System Administrator,"Windows Server, Virtualization, Linux Administration"
1079,Employee_80,Finance,Billing Specialist,"Revenue Management, Invoicing, Customer Billing"
1080,Employee_81,HR,Payroll Specialist,"Payroll Processing, Labor Laws, Compensation & Benefits"
1081,Employee_82,Network Operations,System Administrator,"Linux Administration, Windows Server, Virtualization"
1082,Employee_83,Customer Support,Call Center Agent,"CRM, Customer Service, Communication Skills"
1083,Employee_84,IT,Data Scientist,"Python, SQL, Machine Learning"
1084,Employee_85,HR,Payroll Specialist,"Labor Laws, Compensation & Benefits, Payroll Processing"
1085,Employee_86,Marketing,Brand Manager,"Brand Positioning, Advertising, Market Research"
1086,Employee_87,Network Operations,RF Engineer,"RF Optimization, 5G Deployment, Antenna Design"
1087,Employee_88,Customer Support,Customer Support Manager,"Conflict Resolution, CRM, Leadership"
1088,Employee_89,Marketing,SEO Specialist,"Content Marketing, SEO, Google Analytics"
1089,Employee_90,Network Operations,RF Engineer,"5G Deployment, Antenna Design, RF Optimization"
1090,Employee_91,Sales,Business Development Manager,"Sales Forecasting, Strategic Planning, Lead Generation"
1091,Employee_92,IT,Cybersecurity Specialist,"Network Security, Linux, Penetration Testing"
1092,Employee_93,Marketing,SEO Specialist,"Google Analytics, Content Marketing, SEO"
1093,Employee_94,HR,Payroll Specialist,"Compensation & Benefits, Payroll Processing, Labor Laws"
1094,Employee_95,IT,Data Scientist,"Python, SQL, Machine Learning"
1095,Employee_96,IT,DevOps Engineer,"Docker, AWS, Linux"
1096,Employee_97,Finance,Accountant,"Taxation, Financial Reporting, Auditing"
1097,Employee_98,Sales,Business Development Manager,"Strategic Planning, Sales Forecasting, Lead Generation"
1098,Employee_99,Finance,Billing Specialist,"Revenue Management, Invoicing, Customer Billing"
1099,Employee_100,IT,Software Engineer,"Java, Python, Cloud Computing"
1100,Employee_101,HR,HR Manager,"Employee Relations, Recruitment, HR Policies"
1101,Employee_102,Customer Support,Customer Support Manager,"Conflict Resolution, CRM, Leadership"
1102,Employee_103,Marketing,Brand Manager,"Advertising, Market Research, Brand Positioning"
1103,Employee_104,HR,Payroll Specialist,"Labor Laws, Payroll Processing, Compensation & Benefits"
1104,Employee_105,Customer Support,Call Center Agent,"CRM, Communication Skills, Customer Service"
1105,Employee_106,HR,HR Manager,"HR Policies, Employee Relations, Recruitment"
1106,Employee_107,IT,Data Scientist,"SQL, Big Data, Python"
1107,Employee_108,Network Operations,Network Engineer,"Cisco Routing, Cloud Networking, Network Protocols"
1108,Employee_109,Finance,Billing Specialist,"Revenue Management, Customer Billing, Invoicing"
1109,Employee_110,Finance,Accountant,"Auditing, Financial Reporting, Taxation"
1110,Employee_111,Sales,Business Development Manager,"Strategic Planning, Lead Generation, Sales Forecasting"
1111,Employee_112,Finance,Billing Specialist,"Invoicing, Revenue Management, Customer Billing"
1112,Employee_113,Finance,Billing Specialist,"Invoicing, Revenue Management, Customer Billing"
1113,Employee_114,HR,Recruitment Specialist,"Interviewing, Hiring, Candidate Screening"
1114,Employee_115,Marketing,SEO Specialist,"Google Analytics, Content Marketing, SEO"
1115,Employee_116,Finance,Billing Specialist,"Invoicing, Customer Billing, Revenue Management"
1116,Employee_117,Marketing,Brand Manager,"Brand Positioning, Advertising, Market Research"
1117,Employee_118,IT,Data Scientist,"Machine Learning, Big Data, Python"
1118,Employee_119,IT,Data Scientist,"Big Data, Machine Learning, SQL"
1119,Employee_120,HR,Payroll Specialist,"Compensation & Benefits, Payroll Processing, Labor Laws"
1120,Employee_121,Marketing,Digital Marketing Manager,"PPC Advertising, Email Marketing, Social Media Marketing"
1121,Employee_122,IT,Data Scientist,"Python, Big Data, Machine Learning"
1122,Employee_123,HR,Payroll Specialist,"Payroll Processing, Labor Laws, Compensation & Benefits"
1123,Employee_124,IT,Cybersecurity Specialist,"Network Security, Linux, Firewalls"
1124,Employee_125,HR,Recruitment Specialist,"Hiring, Interviewing, Candidate Screening"
1125,Employee_126,Network Operations,RF Engineer,"Antenna Design, RF Optimization, 5G Deployment"
1126,Employee_127,IT,Software Engineer,"Java, Python, Cloud Computing"
1127,Employee_128,Network Operations,RF Engineer,"5G Deployment, RF Optimization, Antenna Design"
1128,Employee_129,Marketing,Brand Manager,"Advertising, Brand Positioning, Market Research"
1129,Employee_130,IT,Software Engineer,"Cloud Computing, Java, SQL"
1130,Employee_131,Sales,Business Development Manager,"Lead Generation, Strategic Planning, Sales Forecasting"
1131,Employee_132,Network Operations,Network Engineer,"Cloud Networking, 5G Networks, Cisco Routing"
1132,Employee_133,Sales,Key Account Manager,"Sales Strategy, Client Relationship, Market Analysis"
1133,Employee_134,Finance,Billing Specialist,"Invoicing, Revenue Management, Customer Billing"
1134,Employee_135,Finance,Billing Specialist,"Invoicing, Customer Billing, Revenue Management"
1135,Employee_136,Customer Support,Customer Support Manager,"Conflict Resolution, Leadership, CRM"
1136,Employee_137,HR,Recruitment Specialist,"Interviewing, Hiring, Candidate Screening"
1137,Employee_138,Network Operations,System Administrator,"Virtualization, Windows Server, Linux Administration"
1138,Employee_139,Network Operations,System Administrator,"Windows Server, Linux Administration, Virtualization"
1139,Employee_140,Network Operations,RF Engineer,"RF Optimization, 5G Deployment, Antenna Design"
1140,Employee_141,Network Operations,Network Engineer,"Network Protocols, Cloud Networking, 5G Networks"
1141,Employee_142,Finance,Financial Analyst,"Budget Forecasting, Financial Modeling, Excel"
1142,Employee_143,Network Operations,Telecom Technician,"Fiber Optics, Network Maintenance, Wireless Communication"
1143,Employee_144,HR,Payroll Specialist,"Labor Laws, Compensation & Benefits, Payroll Processing"
1144,Employee_145,Marketing,SEO Specialist,"SEO, Google Analytics, Content Marketing"
1145,Employee_146,Customer Support,Customer Support Manager,"Conflict Resolution, Leadership, CRM"
1146,Employee_147,Sales,Sales Executive,"CRM, Negotiation, Cold Calling"
1147,Employee_148,Network Operations,Telecom Technician,"Fiber Optics, Wireless Communication, Network Maintenance"
1148,Employee_149,Finance,Financial Analyst,"Financial Modeling, Budget Forecasting, Excel"
1149,Employee_150,IT,Software Engineer,"Python, SQL, Cloud Computing"
1150,Employee_151,IT,DevOps Engineer,"Kubernetes, Docker, AWS"
1151,Employee_152,Finance,Accountant,"Taxation, Auditing, Financial Reporting"
1152,Employee_153,Sales,Sales Executive,"Negotiation, CRM, Cold Calling"
1153,Employee_154,Customer Support,Call Center Agent,"Communication Skills, Customer Service, CRM"
1154,Employee_155,Customer Support,Call Center Agent,"Customer Service, CRM, Communication Skills"
1155,Employee_156,Network Operations,Telecom Technician,"Fiber Optics, Network Maintenance, Wireless Communication"
1156,Employee_157,Customer Support,Technical Support Engineer,"Troubleshooting, Networking, Telecom Systems"
1157,Employee_158,HR,HR Manager,"HR Policies, Recruitment, Employee Relations"
1158,Employee_159,Network Operations,Telecom Technician,"Wireless Communication, Network Maintenance, Fiber Optics"
1159,Employee_160,IT,Software Engineer,"Python, Java, SQL"
1160,Employee_161,IT,Cybersecurity Specialist,"Linux, Network Security, Penetration Testing"
1161,Employee_162,Marketing,Brand Manager,"Brand Positioning, Advertising, Market Research"
1162,Employee_163,IT,DevOps Engineer,"AWS, Docker, Linux"
1163,Employee_164,Network Operations,System Administrator,"Virtualization, Windows Server, Linux Administration"
1164,Employee_165,IT,DevOps Engineer,"Docker, AWS, Kubernetes"
1165,Employee_166,Finance,Accountant,"Auditing, Financial Reporting, Taxation"
1166,Employee_167,Network Operations,System Administrator,"Virtualization, Windows Server, Linux Administration"
1167,Employee_168,IT,Data Scientist,"Machine Learning, Python, SQL"
1168,Employee_169,Finance,Billing Specialist,"Invoicing, Revenue Management, Customer Billing"
1169,Employee_170,IT,Software Engineer,"SQL, Python, Java"
1170,Employee_171,Marketing,Brand Manager,"Market Research, Advertising, Brand Positioning"
1171,Employee_172,Finance,Accountant,"Taxation, Auditing, Financial Reporting"
1172,Employee_173,Customer Support,Technical Support Engineer,"Troubleshooting, Telecom Systems, Networking"
1173,Employee_174,IT,DevOps Engineer,"Linux, AWS, Docker"
1174,Employee_175,Customer Support,Customer Support Manager,"CRM, Conflict Resolution, Leadership"
1175,Employee_176,IT,DevOps Engineer,"Linux, Docker, AWS"
1176,Employee_177,Customer Support,Customer Support Manager,"Leadership, CRM, Conflict Resolution"
1177,Employee_178,Network Operations,RF Engineer,"RF Optimization, Antenna Design, 5G Deployment"
1178,Employee_179,Network Operations,Telecom Technician,"Network Maintenance, Fiber Optics, Wireless Communication"
1179,Employee_180,HR,HR Manager,"Employee Relations, HR Policies, Recruitment"
1180,Employee_181,Network Operations,Network Engineer,"Cisco Routing, Cloud Networking, 5G Networks"
1181,Employee_182,Marketing,SEO Specialist,"SEO, Google Analytics, Content Marketing"
1182,Employee_183,Network Operations,System Administrator,"Linux Administration, Virtualization, Windows Server"
1183,Employee_184,Marketing,SEO Specialist,"Google Analytics, SEO, Content Marketing"
1184,Employee_185,Network Operations,Network Engineer,"Cisco Routing, Network Protocols, Cloud Networking"
1185,Employee_186,Marketing,Brand Manager,"Brand Positioning, Advertising, Market Research"
1186,Employee_187,Marketing,Digital Marketing Manager,"Email Marketing, Social Media Marketing, PPC Advertising"
1187,Employee_188,Customer Support,Customer Support Manager,"Conflict Resolution, Leadership, CRM"
1188,Employee_189,Finance,Financial Analyst,"Excel, Financial Modeling, Budget Forecasting"
1189,Employee_190,Sales,Business Development Manager,"Lead Generation, Strategic Planning, Sales Forecasting"
1190,Employee_191,Customer Support,Technical Support Engineer,"Telecom Systems, Networking, Troubleshooting"
1191,Employee_192,IT,Data Scientist,"Big Data, Python, SQL"
1192,Employee_193,Finance,Financial Analyst,"Excel, Financial Modeling, Budget Forecasting"
1193,Employee_194,Finance,Financial Analyst,"Financial Modeling, Budget Forecasting, Excel"
1194,Employee_195,IT,Cybersecurity Specialist,"Penetration Testing, Firewalls, Linux"
1195,Employee_196,Marketing,Brand Manager,"Advertising, Market Research, Brand Positioning"
1196,Employee_197,Network Operations,Telecom Technician,"Wireless Communication, Fiber Optics, Network Maintenance"
1197,Employee_198,Finance,Billing Specialist,"Customer Billing, Revenue Management, Invoicing"
1198,Employee_199,HR,HR Manager,"Recruitment, Employee Relations, HR Policies"
1199,Employee_200,Sales,Business Development Manager,"Lead Generation, Strategic Planning, Sales Forecasting"
1200,Employee_201,Network Operations,Telecom Technician,"Wireless Communication, Fiber Optics, Network Maintenance"
1201,Employee_202,HR,Recruitment Specialist,"Hiring, Candidate Screening, Interviewing"
1202,Employee_203,Sales,Key Account Manager,"Client Relationship, Sales Strategy, Market Analysis"
1203,Employee_204,Marketing,Digital Marketing Manager,"Social Media Marketing, PPC Advertising, Email Marketing"
1204,Employee_205,Customer Support,Customer Support Manager,"Conflict Resolution, CRM, Leadership"
1205,Employee_206,Sales,Key Account Manager,"Market Analysis, Sales Strategy, Client Relationship"
1206,Employee_207,Sales,Sales Executive,"Cold Calling, CRM, Negotiation"
1207,Employee_208,Sales,Sales Executive,"Negotiation, Cold Calling, CRM"
1208,Employee_209,Customer Support,Customer Support Manager,"Conflict Resolution, Leadership, CRM"
1209,Employee_210,Finance,Accountant,"Auditing, Financial Reporting, Taxation"
1210,Employee_211,Network Operations,System Administrator,"Virtualization, Windows Server, Linux Administration"
1211,Employee_212,Network Operations,Network Engineer,"Network Protocols, Cisco Routing, 5G Networks"
1212,Employee_213,Sales,Business Development Manager,"Sales Forecasting, Lead Generation, Strategic Planning"
1213,Employee_214,HR,Recruitment Specialist,"Interviewing, Candidate Screening, Hiring"
1214,Employee_215,IT,Software Engineer,"Java, Cloud Computing, Python"
1215,Employee_216,Customer Support,Call Center Agent,"Customer Service, CRM, Communication Skills"
1216,Employee_217,Customer Support,Customer Support Manager,"Conflict Resolution, Leadership, CRM"
1217,Employee_218,Customer Support,Technical Support Engineer,"Troubleshooting, Telecom Systems, Networking"
1218,Employee_219,Customer Support,Customer Support Manager,"Conflict Resolution, Leadership, CRM"
1219,Employee_220,Customer Support,Call Center Agent,"Customer Service, Communication Skills, CRM"
1220,Employee_221,IT,Data Scientist,"SQL, Python, Big Data"
1221,Employee_222,Finance,Billing Specialist,"Revenue Management, Invoicing, Customer Billing"
1222,Employee_223,HR,Recruitment Specialist,"Interviewing, Hiring, Candidate Screening"
1223,Employee_224,Sales,Business Development Manager,"Lead Generation, Strategic Planning, Sales Forecasting"
1224,Employee_225,Finance,Accountant,"Taxation, Financial Reporting, Auditing"
1225,Employee_226,Sales,Key Account Manager,"Market Analysis, Client Relationship, Sales Strategy"
1226,Employee_227,Customer Support,Technical Support Engineer,"Telecom Systems, Networking, Troubleshooting"
1227,Employee_228,IT,Cybersecurity Specialist,"Firewalls, Linux, Network Security"
1228,Employee_229,Network Operations,RF Engineer,"5G Deployment, Antenna Design, RF Optimization"
1229,Employee_230,HR,Recruitment Specialist,"Hiring, Candidate Screening, Interviewing"
1230,Employee_231,Customer Support,Call Center Agent,"Communication Skills, CRM, Customer Service"
1231,Employee_232,Marketing,Digital Marketing Manager,"PPC Advertising, Social Media Marketing, Email Marketing"
1232,Employee_233,IT,DevOps Engineer,"Kubernetes, Linux, Docker"
1233,Employee_234,IT,DevOps Engineer,"Kubernetes, Linux, AWS"
1234,Employee_235,Finance,Accountant,"Taxation, Financial Reporting, Auditing"
1235,Employee_236,Finance,Accountant,"Financial Reporting, Taxation, Auditing"
1236,Employee_237,IT,DevOps Engineer,"Kubernetes, Linux, Docker"
1237,Employee_238,Network Operations,Telecom Technician,"Network Maintenance, Wireless Communication, Fiber Optics"
1238,Employee_239,IT,DevOps Engineer,"Kubernetes, Linux, Docker"
1239,Employee_240,HR,Payroll Specialist,"Payroll Processing, Compensation & Benefits, Labor Laws"
1240,Employee_241,Finance,Financial Analyst,"Budget Forecasting, Financial Modeling, Excel"
1241,Employee_242,IT,Cybersecurity Specialist,"Linux, Penetration Testing, Firewalls"
1242,Employee_243,HR,Recruitment Specialist,"Candidate Screening, Interviewing, Hiring"
1243,Employee_244,Finance,Financial Analyst,"Financial Modeling, Budget Forecasting, Excel"
1244,Employee_245,Customer Support,Customer Support Manager,"CRM, Leadership, Conflict Resolution"
1245,Employee_246,IT,Data Scientist,"SQL, Python, Big Data"
1246,Employee_247,Customer Support,Call Center Agent,"Communication Skills, CRM, Customer Service"
1247,Employee_248,IT,DevOps Engineer,"Linux, Kubernetes, AWS"
1248,Employee_249,IT,DevOps Engineer,"Linux, Kubernetes, Docker"
1249,Employee_250,Finance,Financial Analyst,"Financial Modeling, Excel, Budget Forecasting"
1250,Employee_251,Customer Support,Call Center Agent,"Customer Service, CRM, Communication Skills"
1251,Employee_252,Customer Support,Technical Support Engineer,"Networking, Telecom Systems, Troubleshooting"
1252,Employee_253,Finance,Billing Specialist,"Customer Billing, Invoicing, Revenue Management"
1253,Employee_254,Sales,Business Development Manager,"Lead Generation, Strategic Planning, Sales Forecasting"
1254,Employee_255,HR,Payroll Specialist,"Compensation & Benefits, Payroll Processing, Labor Laws"
1255,Employee_256,Sales,Business Development Manager,"Strategic Planning, Lead Generation, Sales Forecasting"
1256,Employee_257,Network Operations,System Administrator,"Virtualization, Linux Administration, Windows Server"
1257,Employee_258,HR,Recruitment Specialist,"Hiring, Candidate Screening, Interviewing"
1258,Employee_259,HR,Recruitment Specialist,"Candidate Screening, Interviewing, Hiring"
1259,Employee_260,Sales,Sales Executive,"CRM, Negotiation, Cold Calling"
1260,Employee_261,HR,Recruitment Specialist,"Candidate Screening, Interviewing, Hiring"
1261,Employee_262,Sales,Key Account Manager,"Market Analysis, Sales Strategy, Client Relationship"
1262,Employee_263,Network Operations,RF Engineer,"5G Deployment, Antenna Design, RF Optimization"
1263,Employee_264,Finance,Billing Specialist,"Revenue Management, Customer Billing, Invoicing"
1264,Employee_265,Marketing,Brand Manager,"Market Research, Brand Positioning, Advertising"
1265,Employee_266,Customer Support,Technical Support Engineer,"Telecom Systems, Networking, Troubleshooting"
1266,Employee_267,HR,HR Manager,"Employee Relations, HR Policies, Recruitment"
1267,Employee_268,HR,HR Manager,"Employee Relations, HR Policies, Recruitment"
1268,Employee_269,Finance,Financial Analyst,"Financial Modeling, Excel, Budget Forecasting"
1269,Employee_270,Marketing,SEO Specialist,"Content Marketing, Google Analytics, SEO"
1270,Employee_271,Marketing,Brand Manager,"Advertising, Market Research, Brand Positioning"
1271,Employee_272,HR,Recruitment Specialist,"Hiring, Candidate Screening, Interviewing"
1272,Employee_273,Network Operations,Telecom Technician,"Wireless Communication, Network Maintenance, Fiber Optics"
1273,Employee_274,Network Operations,Network Engineer,"Cisco Routing, Cloud Networking, 5G Networks"
1274,Employee_275,HR,HR Manager,"HR Policies, Employee Relations, Recruitment"
1275,Employee_276,IT,DevOps Engineer,"Kubernetes, Docker, AWS"
1276,Employee_277,Finance,Financial Analyst,"Financial Modeling, Budget Forecasting, Excel"
1277,Employee_278,Network Operations,Telecom Technician,"Wireless Communication, Fiber Optics, Network Maintenance"
1278,Employee_279,IT,Software Engineer,"Cloud Computing, Python, Java"
1279,Employee_280,IT,Data Scientist,"Machine Learning, SQL, Python"
1280,Employee_281,Sales,Key Account Manager,"Sales Strategy, Client Relationship, Market Analysis"
1281,Employee_282,Customer Support,Customer Support Manager,"Leadership, Conflict Resolution, CRM"
1282,Employee_283,Customer Support,Call Center Agent,"CRM, Customer Service, Communication Skills"
1283,Employee_284,Customer Support,Technical Support Engineer,"Troubleshooting, Telecom Systems, Networking"
1284,Employee_285,Finance,Accountant,"Auditing, Financial Reporting, Taxation"
1285,Employee_286,Marketing,Digital Marketing Manager,"Email Marketing, PPC Advertising, Social Media Marketing"
1286,Employee_287,Customer Support,Call Center Agent,"Communication Skills, CRM, Customer Service"
1287,Employee_288,Customer Support,Call Center Agent,"Communication Skills, Customer Service, CRM"
1288,Employee_289,IT,Data Scientist,"Big Data, Machine Learning, Python"
1289,Employee_290,IT,Software Engineer,"Python, Cloud Computing, Java"
1290,Employee_291,Marketing,Brand Manager,"Market Research, Brand Positioning, Advertising"
1291,Employee_292,Network Operations,Telecom Technician,"Fiber Optics, Wireless Communication, Network Maintenance"
1292,Employee_293,Marketing,Digital Marketing Manager,"PPC Advertising, Email Marketing, Social Media Marketing"
1293,Employee_294,HR,HR Manager,"HR Policies, Recruitment, Employee Relations"
1294,Employee_295,Finance,Billing Specialist,"Revenue Management, Customer Billing, Invoicing"
1295,Employee_296,Marketing,Brand Manager,"Advertising, Brand Positioning, Market Research"
1296,Employee_297,Marketing,Digital Marketing Manager,"Email Marketing, Social Media Marketing, PPC Advertising"
1297,Employee_298,Sales,Key Account Manager,"Sales Strategy, Market Analysis, Client Relationship"
1298,Employee_299,HR,Recruitment Specialist,"Candidate Screening, Interviewing, Hiring"
1299,Employee_300,Sales,Sales Executive,"Negotiation, CRM, Cold Calling"
1300,Employee_301,Customer Support,Technical Support Engineer,"Telecom Systems, Troubleshooting, Networking"
1301,Employee_302,Sales,Business Development Manager,"Sales Forecasting, Lead Generation, Strategic Planning"
1302,Employee_303,Customer Support,Customer Support Manager,"Leadership, CRM, Conflict Resolution"
1303,Employee_304,HR,HR Manager,"Recruitment, Employee Relations, HR Policies"
1304,Employee_305,Finance,Billing Specialist,"Customer Billing, Invoicing, Revenue Management"
1305,Employee_306,Finance,Financial Analyst,"Budget Forecasting, Financial Modeling, Excel"
1306,Employee_307,HR,HR Manager,"Recruitment, Employee Relations, HR Policies"
1307,Employee_308,HR,HR Manager,"Recruitment, HR Policies, Employee Relations"
1308,Employee_309,Marketing,Brand Manager,"Market Research, Advertising, Brand Positioning"
1309,Employee_310,IT,DevOps Engineer,"Kubernetes, Docker, AWS"
1310,Employee_311,Network Operations,System Administrator,"Virtualization, Linux Administration, Windows Server"
1311,Employee_312,Finance,Billing Specialist,"Customer Billing, Revenue Management, Invoicing"
1312,Employee_313,IT,Software Engineer,"Python, Cloud Computing, Java"
1313,Employee_314,Sales,Sales Executive,"CRM, Negotiation, Cold Calling"
1314,Employee_315,Marketing,SEO Specialist,"SEO, Content Marketing, Google Analytics"
1315,Employee_316,IT,Data Scientist,"SQL, Big Data, Python"
1316,Employee_317,Sales,Sales Executive,"Negotiation, Cold Calling, CRM"
1317,Employee_318,IT,DevOps Engineer,"Kubernetes, AWS, Linux"
1318,Employee_319,Marketing,SEO Specialist,"SEO, Content Marketing, Google Analytics"
1319,Employee_320,Customer Support,Technical Support Engineer,"Networking, Telecom Systems, Troubleshooting"
1320,Employee_321,Finance,Billing Specialist,"Revenue Management, Customer Billing, Invoicing"
1321,Employee_322,Finance,Accountant,"Financial Reporting, Auditing, Taxation"
1322,Employee_323,Marketing,Digital Marketing Manager,"Email Marketing, PPC Advertising, Social Media Marketing"
1323,Employee_324,IT,Cybersecurity Specialist,"Linux, Penetration Testing, Network Security"
1324,Employee_325,Finance,Accountant,"Financial Reporting, Taxation, Auditing"
1325,Employee_326,Network Operations,RF Engineer,"RF Optimization, Antenna Design, 5G Deployment"
1326,Employee_327,Sales,Sales Executive,"Negotiation, CRM, Cold Calling"
1327,Employee_328,Customer Support,Technical Support Engineer,"Telecom Systems, Troubleshooting, Networking"
1328,Employee_329,Network Operations,RF Engineer,"RF Optimization, 5G Deployment, Antenna Design"
1329,Employee_330,HR,HR Manager,"HR Policies, Recruitment, Employee Relations"
1330,Employee_331,HR,Payroll Specialist,"Payroll Processing, Compensation & Benefits, Labor Laws"
1331,Employee_332,Marketing,Brand Manager,"Market Research, Advertising, Brand Positioning"
1332,Employee_333,Customer Support,Customer Support Manager,"Leadership, Conflict Resolution, CRM"
1333,Employee_334,Network Operations,RF Engineer,"RF Optimization, 5G Deployment, Antenna Design"
1334,Employee_335,Finance,Accountant,"Taxation, Financial Reporting, Auditing"
1335,Employee_336,Customer Support,Customer Support Manager,"Conflict Resolution, CRM, Leadership"
1336,Employee_337,Marketing,Brand Manager,"Market Research, Brand Positioning, Advertising"
1337,Employee_338,Finance,Billing Specialist,"Revenue Management, Invoicing, Customer Billing"
1338,Employee_339,Finance,Billing Specialist,"Invoicing, Customer Billing, Revenue Management"
1339,Employee_340,Finance,Billing Specialist,"Customer Billing, Invoicing, Revenue Management"
1340,Employee_341,Customer Support,Technical Support Engineer,"Telecom Systems, Troubleshooting, Networking"
1341,Employee_342,IT,Software Engineer,"Python, Java, SQL"
1342,Employee_343,Network Operations,System Administrator,"Windows Server, Linux Administration, Virtualization"
1343,Employee_344,Network Operations,RF Engineer,"RF Optimization, Antenna Design, 5G Deployment"
1344,Employee_345,Customer Support,Technical Support Engineer,"Telecom Systems, Networking, Troubleshooting"
1345,Employee_346,Sales,Sales Executive,"Negotiation, Cold Calling, CRM"
1346,Employee_347,HR,Recruitment Specialist,"Hiring, Interviewing, Candidate Screening"
1347,Employee_348,Sales,Business Development Manager,"Lead Generation, Strategic Planning, Sales Forecasting"
1348,Employee_349,Marketing,Brand Manager,"Brand Positioning, Advertising, Market Research"
1349,Employee_350,Finance,Financial Analyst,"Budget Forecasting, Financial Modeling, Excel"
1350,Employee_351,Customer Support,Call Center Agent,"Communication Skills, CRM, Customer Service"
1351,Employee_352,IT,Data Scientist,"Big Data, Machine Learning, SQL"
1352,Employee_353,HR,Recruitment Specialist,"Candidate Screening, Interviewing, Hiring"
1353,Employee_354,Network Operations,System Administrator,"Linux Administration, Virtualization, Windows Server"
1354,Employee_355,Sales,Key Account Manager,"Client Relationship, Sales Strategy, Market Analysis"
1355,Employee_356,HR,HR Manager,"Employee Relations, HR Policies, Recruitment"
1356,Employee_357,Marketing,SEO Specialist,"SEO, Content Marketing, Google Analytics"
1357,Employee_358,Finance,Financial Analyst,"Financial Modeling, Budget Forecasting, Excel"
1358,Employee_359,Customer Support,Customer Support Manager,"Conflict Resolution, CRM, Leadership"
1359,Employee_360,Sales,Sales Executive,"Cold Calling, CRM, Negotiation"
1360,Employee_361,IT,Cybersecurity Specialist,"Penetration Testing, Linux, Firewalls"
1361,Employee_362,Marketing,Brand Manager,"Brand Positioning, Market Research, Advertising"
1362,Employee_363,Customer Support,Customer Support Manager,"Conflict Resolution, Leadership, CRM"
1363,Employee_364,Customer Support,Customer Support Manager,"CRM, Conflict Resolution, Leadership"
1364,Employee_365,Sales,Sales Executive,"Negotiation, CRM, Cold Calling"
1365,Employee_366,Sales,Key Account Manager,"Client Relationship, Sales Strategy, Market Analysis"
1366,Employee_367,Network Operations,Network Engineer,"5G Networks, Cisco Routing, Cloud Networking"
1367,Employee_368,Marketing,SEO Specialist,"Content Marketing, Google Analytics, SEO"
1368,Employee_369,Network Operations,RF Engineer,"RF Optimization, Antenna Design, 5G Deployment"
1369,Employee_370,Customer Support,Call Center Agent,"CRM, Communication Skills, Customer Service"
1370,Employee_371,Sales,Business Development Manager,"Strategic Planning, Sales Forecasting, Lead Generation"
1371,Employee_372,Finance,Accountant,"Auditing, Financial Reporting, Taxation"
1372,Employee_373,Marketing,SEO Specialist,"SEO, Content Marketing, Google Analytics"
1373,Employee_374,Sales,Sales Executive,"CRM, Cold Calling, Negotiation"
1374,Employee_375,Marketing,SEO Specialist,"SEO, Google Analytics, Content Marketing"
1375,Employee_376,Marketing,Digital Marketing Manager,"Email Marketing, Social Media Marketing, PPC Advertising"
1376,Employee_377,IT,DevOps Engineer,"Docker, AWS, Linux"
1377,Employee_378,Network Operations,Network Engineer,"Cloud Networking, Network Protocols, 5G Networks"
1378,Employee_379,Sales,Sales Executive,"Negotiation, Cold Calling, CRM"
1379,Employee_380,Marketing,SEO Specialist,"Google Analytics, Content Marketing, SEO"
1380,Employee_381,Customer Support,Call Center Agent,"Communication Skills, Customer Service, CRM"
1381,Employee_382,Customer Support,Call Center Agent,"CRM, Customer Service, Communication Skills"
1382,Employee_383,IT,DevOps Engineer,"Linux, Docker, AWS"
1383,Employee_384,Sales,Key Account Manager,"Market Analysis, Sales Strategy, Client Relationship"
1384,Employee_385,IT,Software Engineer,"Cloud Computing, SQL, Java"
1385,Employee_386,Customer Support,Technical Support Engineer,"Telecom Systems, Networking, Troubleshooting"
1386,Employee_387,Marketing,SEO Specialist,"Content Marketing, Google Analytics, SEO"
1387,Employee_388,Finance,Financial Analyst,"Budget Forecasting, Excel, Financial Modeling"
1388,Employee_389,Network Operations,Telecom Technician,"Wireless Communication, Fiber Optics, Network Maintenance"
1389,Employee_390,IT,Data Scientist,"SQL, Big Data, Machine Learning"
1390,Employee_391,Finance,Billing Specialist,"Revenue Management, Invoicing, Customer Billing"
1391,Employee_392,Sales,Sales Executive,"Negotiation, CRM, Cold Calling"
1392,Employee_393,HR,Payroll Specialist,"Labor Laws, Compensation & Benefits, Payroll Processing"
1393,Employee_394,Sales,Sales Executive,"CRM, Cold Calling, Negotiation"
1394,Employee_395,Sales,Business Development Manager,"Strategic Planning, Lead Generation, Sales Forecasting"
1395,Employee_396,Finance,Billing Specialist,"Invoicing, Customer Billing, Revenue Management"
1396,Employee_397,Finance,Billing Specialist,"Customer Billing, Invoicing, Revenue Management"
1397,Employee_398,Marketing,Digital Marketing Manager,"PPC Advertising, Social Media Marketing, Email Marketing"
1398,Employee_399,Customer Support,Customer Support Manager,"Conflict Resolution, Leadership, CRM"
1399,Employee_400,HR,HR Manager,"Employee Relations, Recruitment, HR Policies"
1400,Employee_401,HR,Payroll Specialist,"Compensation & Benefits, Payroll Processing, Labor Laws"
1401,Employee_402,Network Operations,Telecom Technician,"Network Maintenance, Fiber Optics, Wireless Communication"
1402,Employee_403,Network Operations,Network Engineer,"Network Protocols, Cloud Networking, Cisco Routing"
1403,Employee_404,Sales,Sales Executive,"Cold Calling, Negotiation, CRM"
1404,Employee_405,Sales,Key Account Manager,"Sales Strategy, Client Relationship, Market Analysis"
1405,Employee_406,IT,Data Scientist,"Big Data, Machine Learning, SQL"
1406,Employee_407,Customer Support,Call Center Agent,"Communication Skills, Customer Service, CRM"
1407,Employee_408,Sales,Key Account Manager,"Client Relationship, Market Analysis, Sales Strategy"
1408,Employee_409,IT,Cybersecurity Specialist,"Network Security, Penetration Testing, Firewalls"
1409,Employee_410,Finance,Accountant,"Taxation, Auditing, Financial Reporting"
1410,Employee_411,Network Operations,System Administrator,"Windows Server, Virtualization, Linux Administration"
1411,Employee_412,Finance,Financial Analyst,"Financial Modeling, Budget Forecasting, Excel"
1412,Employee_413,Finance,Accountant,"Auditing, Taxation, Financial Reporting"
1413,Employee_414,HR,HR Manager,"Employee Relations, Recruitment, HR Policies"
1414,Employee_415,Marketing,Digital Marketing Manager,"Social Media Marketing, Email Marketing, PPC Advertising"
1415,Employee_416,Customer Support,Technical Support Engineer,"Telecom Systems, Troubleshooting, Networking"
1416,Employee_417,Network Operations,Telecom Technician,"Network Maintenance, Fiber Optics, Wireless Communication"
1417,Employee_418,Finance,Accountant,"Financial Reporting, Auditing, Taxation"
1418,Employee_419,Network Operations,Network Engineer,"Network Protocols, Cisco Routing, Cloud Networking"
1419,Employee_420,Finance,Financial Analyst,"Budget Forecasting, Financial Modeling, Excel"
1420,Employee_421,Sales,Sales Executive,"Cold Calling, Negotiation, CRM"
1421,Employee_422,IT,DevOps Engineer,"Docker, Kubernetes, Linux"
1422,Employee_423,HR,Recruitment Specialist,"Candidate Screening, Hiring, Interviewing"
1423,Employee_424,Customer Support,Call Center Agent,"Communication Skills, Customer Service, CRM"
1424,Employee_425,Sales,Sales Executive,"CRM, Cold Calling, Negotiation"
1425,Employee_426,HR,Payroll Specialist,"Labor Laws, Compensation & Benefits, Payroll Processing"
1426,Employee_427,IT,Cybersecurity Specialist,"Firewalls, Network Security, Linux"
1427,Employee_428,HR,HR Manager,"Employee Relations, Recruitment, HR Policies"
1428,Employee_429,Customer Support,Call Center Agent,"Customer Service, Communication Skills, CRM"
1429,Employee_430,Customer Support,Technical Support Engineer,"Telecom Systems, Troubleshooting, Networking"
1430,Employee_431,Network Operations,Network Engineer,"Network Protocols, Cisco Routing, 5G Networks"
1431,Employee_432,Customer Support,Call Center Agent,"CRM, Customer Service, Communication Skills"
1432,Employee_433,IT,Cybersecurity Specialist,"Firewalls, Linux, Network Security"
1433,Employee_434,Customer Support,Call Center Agent,"Communication Skills, CRM, Customer Service"
1434,Employee_435,Sales,Sales Executive,"Cold Calling, Negotiation, CRM"
1435,Employee_436,Finance,Billing Specialist,"Customer Billing, Revenue Management, Invoicing"
1436,Employee_437,Sales,Sales Executive,"Cold Calling, Negotiation, CRM"
1437,Employee_438,Customer Support,Call Center Agent,"Customer Service, CRM, Communication Skills"
1438,Employee_439,Customer Support,Technical Support Engineer,"Networking, Telecom Systems, Troubleshooting"
1439,Employee_440,Finance,Billing Specialist,"Invoicing, Customer Billing, Revenue Management"
1440,Employee_441,Network Operations,Telecom Technician,"Fiber Optics, Network Maintenance, Wireless Communication"
1441,Employee_442,Customer Support,Technical Support Engineer,"Troubleshooting, Telecom Systems, Networking"
1442,Employee_443,Sales,Key Account Manager,"Client Relationship, Market Analysis, Sales Strategy"
1443,Employee_444,Network Operations,RF Engineer,"5G Deployment, RF Optimization, Antenna Design"
1444,Employee_445,Sales,Sales Executive,"Cold Calling, CRM, Negotiation"
1445,Employee_446,Customer Support,Technical Support Engineer,"Networking, Telecom Systems, Troubleshooting"
1446,Employee_447,Network Operations,System Administrator,"Virtualization, Linux Administration, Windows Server"
1447,Employee_448,Network Operations,Network Engineer,"5G Networks, Cisco Routing, Network Protocols"
1448,Employee_449,Finance,Financial Analyst,"Excel, Budget Forecasting, Financial Modeling"
1449,Employee_450,Finance,Billing Specialist,"Customer Billing, Revenue Management, Invoicing"
1450,Employee_451,Sales,Sales Executive,"Negotiation, CRM, Cold Calling"
1451,Employee_452,HR,HR Manager,"HR Policies, Employee Relations, Recruitment"
1452,Employee_453,Finance,Financial Analyst,"Financial Modeling, Excel, Budget Forecasting"
1453,Employee_454,HR,HR Manager,"Recruitment, Employee Relations, HR Policies"
1454,Employee_455,IT,Software Engineer,"Cloud Computing, Python, Java"
1455,Employee_456,Sales,Business Development Manager,"Sales Forecasting, Strategic Planning, Lead Generation"
1456,Employee_457,Customer Support,Technical Support Engineer,"Troubleshooting, Networking, Telecom Systems"
1457,Employee_458,Finance,Billing Specialist,"Revenue Management, Invoicing, Customer Billing"
1458,Employee_459,Network Operations,RF Engineer,"Antenna Design, RF Optimization, 5G Deployment"
1459,Employee_460,Finance,Billing Specialist,"Invoicing, Customer Billing, Revenue Management"
1460,Employee_461,Finance,Financial Analyst,"Financial Modeling, Excel, Budget Forecasting"
1461,Employee_462,IT,Data Scientist,"Big Data, Python, Machine Learning"
1462,Employee_463,IT,Cybersecurity Specialist,"Firewalls, Penetration Testing, Network Security"
1463,Employee_464,Network Operations,RF Engineer,"RF Optimization, Antenna Design, 5G Deployment"
1464,Employee_465,Customer Support,Technical Support Engineer,"Networking, Telecom Systems, Troubleshooting"
1465,Employee_466,Customer Support,Technical Support Engineer,"Telecom Systems, Troubleshooting, Networking"
1466,Employee_467,Customer Support,Technical Support Engineer,"Troubleshooting, Telecom Systems, Networking"
1467,Employee_468,Network Operations,Telecom Technician,"Fiber Optics, Network Maintenance, Wireless Communication"
1468,Employee_469,Finance,Accountant,"Auditing, Taxation, Financial Reporting"
1469,Employee_470,IT,Data Scientist,"Machine Learning, Big Data, Python"
1470,Employee_471,IT,Software Engineer,"SQL, Java, Cloud Computing"
1471,Employee_472,Marketing,SEO Specialist,"SEO, Google Analytics, Content Marketing"
1472,Employee_473,Finance,Billing Specialist,"Customer Billing, Invoicing, Revenue Management"
1473,Employee_474,Customer Support,Customer Support Manager,"Conflict Resolution, CRM, Leadership"
1474,Employee_475,Sales,Key Account Manager,"Market Analysis, Sales Strategy, Client Relationship"
1475,Employee_476,Customer Support,Call Center Agent,"CRM, Customer Service, Communication Skills"
1476,Employee_477,Marketing,SEO Specialist,"Google Analytics, SEO, Content Marketing"
1477,Employee_478,Customer Support,Customer Support Manager,"CRM, Leadership, Conflict Resolution"
1478,Employee_479,Sales,Sales Executive,"Cold Calling, CRM, Negotiation"
1479,Employee_480,Customer Support,Call Center Agent,"Communication Skills, CRM, Customer Service"
1480,Employee_481,Sales,Key Account Manager,"Client Relationship, Sales Strategy, Market Analysis"
1481,Employee_482,Sales,Key Account Manager,"Market Analysis, Sales Strategy, Client Relationship"
1482,Employee_483,Finance,Financial Analyst,"Budget Forecasting, Financial Modeling, Excel"
1483,Employee_484,HR,Payroll Specialist,"Labor Laws, Payroll Processing, Compensation & Benefits"
1484,Employee_485,Network Operations,System Administrator,"Linux Administration, Windows Server, Virtualization"
1485,Employee_486,Sales,Business Development Manager,"Sales Forecasting, Strategic Planning, Lead Generation"
1486,Employee_487,Marketing,Brand Manager,"Advertising, Brand Positioning, Market Research"
1487,Employee_488,Network Operations,RF Engineer,"RF Optimization, 5G Deployment, Antenna Design"
1488,Employee_489,Network Operations,System Administrator,"Linux Administration, Windows Server, Virtualization"
1489,Employee_490,Customer Support,Call Center Agent,"Customer Service, CRM, Communication Skills"
1490,Employee_491,Network Operations,System Administrator,"Linux Administration, Windows Server, Virtualization"
1491,Employee_492,Customer Support,Call Center Agent,"Communication Skills, Customer Service, CRM"
1492,Employee_493,IT,Data Scientist,"SQL, Machine Learning, Big Data"
1493,Employee_494,HR,HR Manager,"Recruitment, HR Policies, Employee Relations"
1494,Employee_495,Marketing,Digital Marketing Manager,"PPC Advertising, Email Marketing, Social Media Marketing"
1495,Employee_496,Network Operations,Network Engineer,"Network Protocols, 5G Networks, Cisco Routing"
1496,Employee_497,Sales,Business Development Manager,"Sales Forecasting, Strategic Planning, Lead Generation"
1497,Employee_498,Finance,Financial Analyst,"Budget Forecasting, Excel, Financial Modeling"
1498,Employee_499,Customer Support,Call Center Agent,"Customer Service, CRM, Communication Skills"
1499,Employee_500,IT,DevOps Engineer,"Kubernetes, AWS, Docker"
